<?xml version="1.0" encoding="utf-8"?>
<manifest identifier="u17PCTaqnXpRo" xmlns="http://www.imsproject.org/xsd/imscp_rootv1p1p2" xmlns:adlcp="http://www.adlnet.org/xsd/adlcp_rootv1p2" xmlns:xsi="http://www.w3.org/2001/XMLSchema-instance" xmlns:lom="http://www.imsglobal.org/xsd/imsmd_rootv1p2p1" xsi:schemaLocation="http://www.imsproject.org/xsd/imscp_rootv1p1p2 imscp_rootv1p1p2.xsd http://www.imsglobal.org/xsd/imsmd_rootv1p2p1 imsmd_rootv1p2p1.xsd http://www.adlnet.org/xsd/adlcp_rootv1p2 adlcp_rootv1p2.xsd">
<metadata>
<schema>ADL SCORM</schema>
<schemaversion>1.2</schemaversion>
<lom:lom>
<lom:general>
<lom:title>
<lom:langstring>Week 4 Grammar Lessons</lom:langstring>
</lom:title>
</lom:general>
<lom:educational>
<lom:typicallearningtime>
<lom:datetime>01:00:00</lom:datetime>
</lom:typicallearningtime>
</lom:educational>
</lom:lom>
</metadata>
<organizations default="week_4_grammar_lessons_organization">
<organization identifier="week_4_grammar_lessons_organization">
<title>Week 4 Grammar Lessons</title>
<item identifier="1B1A3139-778A-4B22-A217-E93AA15E068F" identifierref="resource">
<title>Week 4 Grammar Lessons</title>
</item>
</organization>
</organizations>
<resources>
<resource identifier="resource" type="webcontent" adlcp:scormtype="sco" href="res/index.html">
<file href="res/index.html"/>
<file href="res/lms.js"/>
<file href="res/data/thmb1.png"/>
<file href="res/data/slide1.js"/>
<file href="res/data/slide1.css"/>
<file href="res/data/thmb2.jpg"/>
<file href="res/data/video1.mp4"/>
<file href="res/data/slide2.js"/>
<file href="res/data/slide2.css"/>
<file href="res/data/thmb3.png"/>
<file href="res/data/quiz1.js"/>
<file href="res/data/quiz1/fonts/fnt0.woff"/>
<file href="res/data/quiz1/fonts/fnt1.woff"/>
<file href="res/data/quiz1/fonts/fnt2.woff"/>
<file href="res/data/quiz1/images/img-9e89394f6763e32ffadb164ab206b9ac45812232.png"/>
<file href="res/data/quiz1/images/quiz_bg_0.png"/>
<file href="res/data/thmb4.png"/>
<file href="res/data/slide4.js"/>
<file href="res/data/slide4.css"/>
<file href="res/data/thmb5.png"/>
<file href="res/data/slide5.js"/>
<file href="res/data/slide5.css"/>
<file href="res/data/thmb6.png"/>
<file href="res/data/slide6.js"/>
<file href="res/data/slide6.css"/>
<file href="res/data/thmb7.png"/>
<file href="res/data/slide7.js"/>
<file href="res/data/slide7.css"/>
<file href="res/data/thmb8.png"/>
<file href="res/data/slide8.js"/>
<file href="res/data/slide8.css"/>
<file href="res/data/thmb9.png"/>
<file href="res/data/slide9.js"/>
<file href="res/data/slide9.css"/>
<file href="res/data/thmb10.png"/>
<file href="res/data/slide10.js"/>
<file href="res/data/slide10.css"/>
<file href="res/data/thmb11.png"/>
<file href="res/data/slide11.js"/>
<file href="res/data/slide11.css"/>
<file href="res/data/thmb12.png"/>
<file href="res/data/intr1.js"/>
<file href="res/data/intr1/fonts/fnt0.woff"/>
<file href="res/data/intr1/fonts/fnt1.woff"/>
<file href="res/data/intr1/fonts/fnt2.woff"/>
<file href="res/data/intr1/fonts/fnt3.woff"/>
<file href="res/data/intr1/fonts/fnt4.woff"/>
<file href="res/data/intr1/fonts/fnt5.woff"/>
<file href="res/data/intr1/fonts/fnt6.woff"/>
<file href="res/data/intr1/images/img-7e49e91a55f5ad717519f096ebfd18c8397f64e0.png"/>
<file href="res/data/intr1/images/img-cfffb999c1e760a05d8ccbdc7098836f0636ced7.jpg"/>
<file href="res/data/intr1/images/interaction_bg_0.png"/>
<file href="res/data/thmb13.png"/>
<file href="res/data/quiz2.js"/>
<file href="res/data/quiz2/fonts/fnt0.woff"/>
<file href="res/data/quiz2/fonts/fnt1.woff"/>
<file href="res/data/quiz2/fonts/fnt2.woff"/>
<file href="res/data/quiz2/fonts/fnt3.woff"/>
<file href="res/data/quiz2/fonts/fnt4.woff"/>
<file href="res/data/quiz2/images/quiz_bg_1.png"/>
<file href="res/data/thmb14.png"/>
<file href="res/data/slide14.js"/>
<file href="res/data/slide14.css"/>
<file href="res/data/thmb15.png"/>
<file href="res/data/slide15.js"/>
<file href="res/data/slide15.css"/>
<file href="res/data/thmb16.png"/>
<file href="res/data/slide16.js"/>
<file href="res/data/slide16.css"/>
<file href="res/data/thmb17.png"/>
<file href="res/data/slide17.js"/>
<file href="res/data/slide17.css"/>
<file href="res/data/thmb18.png"/>
<file href="res/data/slide18.js"/>
<file href="res/data/slide18.css"/>
<file href="res/data/thmb19.png"/>
<file href="res/data/slide19.js"/>
<file href="res/data/slide19.css"/>
<file href="res/data/quizplayer.js"/>
<file href="res/data/intplayer1.js"/>
<file href="res/index.html"/>
<file href="res/data/player.js"/>
<file href="res/data/eraser.cur"/>
<file href="res/data/highlighter.cur"/>
<file href="res/data/marker.cur"/>
<file href="res/data/lock.cur"/>
<file href="res/data/browsersupport.js"/>
<file href="res/data/apple-touch-icon.png"/>
<file href="res/data/favicon.ico"/>
<file href="res/data/fnt0.woff"/>
<file href="res/data/fnt1.woff"/>
<file href="res/data/fnt10.woff"/>
<file href="res/data/fnt11.woff"/>
<file href="res/data/fnt2.woff"/>
<file href="res/data/fnt3.woff"/>
<file href="res/data/fnt4.woff"/>
<file href="res/data/fnt5.woff"/>
<file href="res/data/fnt6.woff"/>
<file href="res/data/fnt7.woff"/>
<file href="res/data/fnt8.woff"/>
<file href="res/data/fnt9.woff"/>
<file href="res/data/html5-unsupported.html"/>
<file href="res/data/html5.png"/>
<file href="res/data/img0.png"/>
<file href="res/data/img1.png"/>
<file href="res/data/img10.png"/>
<file href="res/data/img11.png"/>
<file href="res/data/img12.png"/>
<file href="res/data/img13.png"/>
<file href="res/data/img14.png"/>
<file href="res/data/img15.svg"/>
<file href="res/data/img16.png"/>
<file href="res/data/img17.png"/>
<file href="res/data/img18.png"/>
<file href="res/data/img19.svg"/>
<file href="res/data/img2.png"/>
<file href="res/data/img20.png"/>
<file href="res/data/img21.png"/>
<file href="res/data/img22.png"/>
<file href="res/data/img23.png"/>
<file href="res/data/img24.png"/>
<file href="res/data/img25.png"/>
<file href="res/data/img26.png"/>
<file href="res/data/img27.png"/>
<file href="res/data/img28.svg"/>
<file href="res/data/img3.svg"/>
<file href="res/data/img4.png"/>
<file href="res/data/img5.png"/>
<file href="res/data/img6.png"/>
<file href="res/data/img7.png"/>
<file href="res/data/img8.svg"/>
<file href="res/data/img9.png"/>
<file href="res/data/ismplayer/preview.png"/>
<file href="res/data/ismplayer/play.svg"/>
<file href="res/data/ismplayer/style.css"/>
<file href="res/data/ismplayer/style_mini.css"/>
<file href="res/ismplayer.html"/>
<file href="res/data/ismplayer/app_store2x.png"/>
<file href="res/metainfo.xml"/>
</resource>
</resources>
</manifest>
