<?xml version="1.0"?>
<presentation guid="1A1D8555-4C4C-4874-81C2-DE3A42970FF1" version="0" availableOffline="1">
	<info>
		<title>Week 4 Grammar Lessons</title>
		<description/>
	</info>
	<files index="id7" thumbnail="id137" totalSize="53966269">
		<file id="id4">lms.js</file>
		<file id="id5">data/goodbye.html</file>
		<file id="id7">index.html</file>
		<file id="id8">data/thmb1.png</file>
		<file id="id9">data/slide1.js</file>
		<file id="id10">data/slide1.css</file>
		<file id="id11">data/thmb2.jpg</file>
		<file id="id12">data/video1.mp4</file>
		<file id="id13">data/slide2.js</file>
		<file id="id14">data/slide2.css</file>
		<file id="id15">data/thmb3.png</file>
		<file id="id16">data/quiz1.js</file>
		<file id="id17">data/quiz1/fonts/fnt0.woff</file>
		<file id="id18">data/quiz1/fonts/fnt1.woff</file>
		<file id="id19">data/quiz1/fonts/fnt2.woff</file>
		<file id="id20">data/quiz1/images/img-9e89394f6763e32ffadb164ab206b9ac45812232.png</file>
		<file id="id21">data/quiz1/images/quiz_bg_0.png</file>
		<file id="id22">data/thmb4.png</file>
		<file id="id23">data/slide4.js</file>
		<file id="id24">data/slide4.css</file>
		<file id="id25">data/thmb5.png</file>
		<file id="id26">data/slide5.js</file>
		<file id="id27">data/slide5.css</file>
		<file id="id28">data/thmb6.png</file>
		<file id="id29">data/slide6.js</file>
		<file id="id30">data/slide6.css</file>
		<file id="id31">data/thmb7.png</file>
		<file id="id32">data/slide7.js</file>
		<file id="id33">data/slide7.css</file>
		<file id="id34">data/thmb8.png</file>
		<file id="id35">data/slide8.js</file>
		<file id="id36">data/slide8.css</file>
		<file id="id37">data/thmb9.png</file>
		<file id="id38">data/slide9.js</file>
		<file id="id39">data/slide9.css</file>
		<file id="id40">data/thmb10.png</file>
		<file id="id41">data/slide10.js</file>
		<file id="id42">data/slide10.css</file>
		<file id="id43">data/thmb11.png</file>
		<file id="id44">data/slide11.js</file>
		<file id="id45">data/slide11.css</file>
		<file id="id46">data/thmb12.png</file>
		<file id="id47">data/intr1.js</file>
		<file id="id48">data/intr1/fonts/fnt0.woff</file>
		<file id="id49">data/intr1/fonts/fnt1.woff</file>
		<file id="id50">data/intr1/fonts/fnt2.woff</file>
		<file id="id51">data/intr1/fonts/fnt3.woff</file>
		<file id="id52">data/intr1/fonts/fnt4.woff</file>
		<file id="id53">data/intr1/fonts/fnt5.woff</file>
		<file id="id54">data/intr1/fonts/fnt6.woff</file>
		<file id="id55">data/intr1/images/img-7e49e91a55f5ad717519f096ebfd18c8397f64e0.png</file>
		<file id="id56">data/intr1/images/img-cfffb999c1e760a05d8ccbdc7098836f0636ced7.jpg</file>
		<file id="id57">data/intr1/images/interaction_bg_0.png</file>
		<file id="id58">data/thmb13.png</file>
		<file id="id59">data/quiz2.js</file>
		<file id="id60">data/quiz2/fonts/fnt0.woff</file>
		<file id="id61">data/quiz2/fonts/fnt1.woff</file>
		<file id="id62">data/quiz2/fonts/fnt2.woff</file>
		<file id="id63">data/quiz2/fonts/fnt3.woff</file>
		<file id="id64">data/quiz2/fonts/fnt4.woff</file>
		<file id="id65">data/quiz2/images/quiz_bg_1.png</file>
		<file id="id66">data/thmb14.png</file>
		<file id="id67">data/slide14.js</file>
		<file id="id68">data/slide14.css</file>
		<file id="id69">data/thmb15.png</file>
		<file id="id70">data/slide15.js</file>
		<file id="id71">data/slide15.css</file>
		<file id="id72">data/thmb16.png</file>
		<file id="id73">data/slide16.js</file>
		<file id="id74">data/slide16.css</file>
		<file id="id75">data/thmb17.png</file>
		<file id="id76">data/slide17.js</file>
		<file id="id77">data/slide17.css</file>
		<file id="id78">data/thmb18.png</file>
		<file id="id79">data/slide18.js</file>
		<file id="id80">data/slide18.css</file>
		<file id="id81">data/thmb19.png</file>
		<file id="id82">data/slide19.js</file>
		<file id="id83">data/slide19.css</file>
		<file id="id84">data/quizplayer.js</file>
		<file id="id85">data/intplayer1.js</file>
		<file id="id86">data/player.js</file>
		<file id="id91">data/browsersupport.js</file>
		<file id="id92">data/apple-touch-icon.png</file>
		<file id="id93">data/favicon.ico</file>
		<file id="id94">data/fnt0.woff</file>
		<file id="id95">data/fnt1.woff</file>
		<file id="id96">data/fnt10.woff</file>
		<file id="id97">data/fnt11.woff</file>
		<file id="id98">data/fnt2.woff</file>
		<file id="id99">data/fnt3.woff</file>
		<file id="id100">data/fnt4.woff</file>
		<file id="id101">data/fnt5.woff</file>
		<file id="id102">data/fnt6.woff</file>
		<file id="id103">data/fnt7.woff</file>
		<file id="id104">data/fnt8.woff</file>
		<file id="id105">data/fnt9.woff</file>
		<file id="id106">data/html5-unsupported.html</file>
		<file id="id107">data/html5.png</file>
		<file id="id108">data/img0.png</file>
		<file id="id109">data/img1.png</file>
		<file id="id110">data/img10.png</file>
		<file id="id111">data/img11.png</file>
		<file id="id112">data/img12.png</file>
		<file id="id113">data/img13.png</file>
		<file id="id114">data/img14.png</file>
		<file id="id115">data/img15.svg</file>
		<file id="id116">data/img16.png</file>
		<file id="id117">data/img17.png</file>
		<file id="id118">data/img18.png</file>
		<file id="id119">data/img19.svg</file>
		<file id="id120">data/img2.png</file>
		<file id="id121">data/img20.png</file>
		<file id="id122">data/img21.png</file>
		<file id="id123">data/img22.png</file>
		<file id="id124">data/img23.png</file>
		<file id="id125">data/img24.png</file>
		<file id="id126">data/img25.png</file>
		<file id="id127">data/img26.png</file>
		<file id="id128">data/img27.png</file>
		<file id="id129">data/img28.svg</file>
		<file id="id130">data/img3.svg</file>
		<file id="id131">data/img4.png</file>
		<file id="id132">data/img5.png</file>
		<file id="id133">data/img6.png</file>
		<file id="id134">data/img7.png</file>
		<file id="id135">data/img8.svg</file>
		<file id="id136">data/img9.png</file>
		<file id="id137">data/ismplayer/preview.png</file>
		<file id="id138">data/ismplayer/play.svg</file>
		<file id="id139">data/ismplayer/style.css</file>
		<file id="id140">data/ismplayer/style_mini.css</file>
		<file id="id141">ismplayer.html</file>
		<file id="id142">data/ismplayer/app_store2x.png</file>
		<file id="id143">metainfo.xml</file>
	</files>
</presentation>
